"U_34,mV","I_M,mA","U_0,mV","I_0,mA","E,mV",N,"t,ms"
-115.413592000,0.000073298,-115.413592000,-0.000136982,1.05,1,1
-116.057720000,0.000067978,-116.057720000,-0.000008599,1.1,1,4026
-55.490771200,0.000072412,-55.490771200,-0.000004447,1.1500000000000001,1,7988
-46.900134400,0.000079801,-46.900134400,-0.000008599,1.2000000000000002,1,11946
-97.157452800,0.000062954,-97.157452800,-0.000005337,1.2500000000000002,1,15901
