"B,mTl","E,mV","I_M,mA","t,ms"
1,1,-0.000005634,18629
2,1,-0.000003854,26851
3,1,-0.000007413,33225
