"U_34,mV","I_M,mA","U_0,mV","I_0,mA","E,mV",N,"t,ms"
-786.822080000,0.000572495,-786.822080000,0.895164958,1.05,1,1
-894.430784000,0.000560377,-894.430784000,0.938640940,1.1,1,4037
-1024.945600000,0.000552692,-1024.945600000,0.981813643,1.1500000000000001,1,7976
-1123.740800000,0.000545894,-1123.740800000,1.020592080,1.2000000000000002,1,11934
