"B,mTl","E,mV","I_M,mA","t,ms"
6,2,-0.000005930,987
9,2,-0.000005930,5491
80,2,-0.000007116,9717
