"U_34,mV","I_M,mA","U_0,mV","I_0,mA","E, mV",N,"t,ms"
0.016666666666666666,0.016666666666666666,0.016666666666666666,0.00016666666666666666,0,1,1
16.7,16.7,0.016666666666666666,0.16699999999999998,5.0,1,1002
33.38333333333333,33.38333333333333,0.016666666666666666,0.3338333333333333,10.0,1,2003
50.06666666666667,50.06666666666667,0.016666666666666666,0.5006666666666667,15.0,1,3004
