"U_34,mV","I_M,mA","U_0,mV","I_0,mA","E, mV",N,"t,ms"
0.016666666666666666,0.016666666666666666,0.016666666666666666,0.00016666666666666666,0,1,1
16.683333333333334,16.683333333333334,0.016666666666666666,0.16683333333333333,5.0,1,1001
33.36666666666667,33.36666666666667,0.016666666666666666,0.33366666666666667,10.0,1,2002
50.06666666666667,50.06666666666667,0.016666666666666666,0.5006666666666667,15.0,1,3004
