"I_0,mA","U_34,mV","t,s"
0.016666666666666666,0.016666666666666666,1
