"I_0,mA","U_34,mV","t,s"
52.78333333333333,52.78333333333333,3167
69.46666666666667,69.46666666666667,4168
86.15,86.15,5169
102.83333333333333,102.83333333333333,6170
