"I_0,mA","U_34,mV","t,s"
68.26666666666667,68.26666666666667,4096
84.95,84.95,5097
