"I_0,mA","U_34,mV","t,ms"
5.721514880,-0.000002069,3963
4.002560960,0.000000000,9913
-88.817369600,-0.000000886,15850
