"B,mTl","E,mV","I_M,mA","t,ms"
1,17.983333333333334,8.991666666666667,1079
2,26.666666666666668,13.333333333333334,1600
3,34.583333333333336,17.291666666666668,2075
4,46.71666666666667,23.358333333333334,2803
5,55.5,27.75,3330
