"B,mTl","U,mV","t,ms"
80,45.18333333333333,2711
90,70.75,4245
90,85.66666666666667,5140
90,99.33333333333333,5960
90,111.96666666666667,6718
90,124.51666666666667,7471
90,136.53333333333333,8192
90,148.96666666666667,8938
90,164.7,9882
90,177.73333333333332,10664
