"U_34,mV","I_M,mA","U_0,mV","I_0,mA","E,mV",N,"t,ms"
-119.067760000,801.057838000,-119.067760000,0.043252002,0.05,1,1
