"I_0,mA","U_34,mV","t,ms"
-118.631224000,-0.000002364,3961
-13.393977600,-0.000002660,9926
-12.964528800,-0.000002364,15875
-119.215280000,-0.000002069,21888
