"B,mTl","E,mV","I_M,mA","t,ms"
3,1,0.019119697,3047
2,1,0.022526930,8837
1,1,0.022530192,13605
4,1,0.022532860,22972
